{"format": "layers-model", "generatedBy": "keras v2.9.0", "convertedBy": "TensorFlow.js Converter v4.2.0", "modelTopology": {"keras_version": "2.9.0", "backend": "tensorflow", "model_config": {"class_name": "Functional", "config": {"name": "model_1", "layers": [{"class_name": "InputLayer", "config": {"batch_input_shape": [null, 256, 256, 3], "dtype": "float32", "sparse": false, "ragged": false, "name": "input_2"}, "name": "input_2", "inbound_nodes": []}, {"class_name": "Conv2D", "config": {"name": "conv2d_8", "trainable": true, "dtype": "float32", "filters": 32, "kernel_size": [4, 4], "strides": [2, 2], "padding": "same", "data_format": "channels_last", "dilation_rate": [1, 1], "groups": 1, "activation": "linear", "use_bias": true, "kernel_initializer": {"class_name": "RandomNormal", "config": {"mean": 0.0, "stddev": 0.02, "seed": null}}, "bias_initializer": {"class_name": "Zeros", "config": {}}, "kernel_regularizer": null, "bias_regularizer": null, "activity_regularizer": null, "kernel_constraint": null, "bias_constraint": null}, "name": "conv2d_8", "inbound_nodes": [[["input_2", 0, 0, {}]]]}, {"class_name": "LeakyReLU", "config": {"name": "leaky_re_lu_7", "trainable": true, "dtype": "float32", "alpha": 0.20000000298023224}, "name": "leaky_re_lu_7", "inbound_nodes": [[["conv2d_8", 0, 0, {}]]]}, {"class_name": "Conv2D", "config": {"name": "conv2d_9", "trainable": true, "dtype": "float32", "filters": 64, "kernel_size": [4, 4], "strides": [2, 2], "padding": "same", "data_format": "channels_last", "dilation_rate": [1, 1], "groups": 1, "activation": "linear", "use_bias": true, "kernel_initializer": {"class_name": "RandomNormal", "config": {"mean": 0.0, "stddev": 0.02, "seed": null}}, "bias_initializer": {"class_name": "Zeros", "config": {}}, "kernel_regularizer": null, "bias_regularizer": null, "activity_regularizer": null, "kernel_constraint": null, "bias_constraint": null}, "name": "conv2d_9", "inbound_nodes": [[["leaky_re_lu_7", 0, 0, {}]]]}, {"class_name": "BatchNormalization", "config": {"name": "batch_normalization_13", "trainable": true, "dtype": "float32", "axis": [3], "momentum": 0.99, "epsilon": 0.001, "center": true, "scale": true, "beta_initializer": {"class_name": "Zeros", "config": {}}, "gamma_initializer": {"class_name": "Ones", "config": {}}, "moving_mean_initializer": {"class_name": "Zeros", "config": {}}, "moving_variance_initializer": {"class_name": "Ones", "config": {}}, "beta_regularizer": null, "gamma_regularizer": null, "beta_constraint": null, "gamma_constraint": null}, "name": "batch_normalization_13", "inbound_nodes": [[["conv2d_9", 0, 0, {}]]]}, {"class_name": "LeakyReLU", "config": {"name": "leaky_re_lu_8", "trainable": true, "dtype": "float32", "alpha": 0.20000000298023224}, "name": "leaky_re_lu_8", "inbound_nodes": [[["batch_normalization_13", 0, 0, {}]]]}, {"class_name": "Conv2D", "config": {"name": "conv2d_10", "trainable": true, "dtype": "float32", "filters": 128, "kernel_size": [4, 4], "strides": [2, 2], "padding": "same", "data_format": "channels_last", "dilation_rate": [1, 1], "groups": 1, "activation": "linear", "use_bias": true, "kernel_initializer": {"class_name": "RandomNormal", "config": {"mean": 0.0, "stddev": 0.02, "seed": null}}, "bias_initializer": {"class_name": "Zeros", "config": {}}, "kernel_regularizer": null, "bias_regularizer": null, "activity_regularizer": null, "kernel_constraint": null, "bias_constraint": null}, "name": "conv2d_10", "inbound_nodes": [[["leaky_re_lu_8", 0, 0, {}]]]}, {"class_name": "BatchNormalization", "config": {"name": "batch_normalization_14", "trainable": true, "dtype": "float32", "axis": [3], "momentum": 0.99, "epsilon": 0.001, "center": true, "scale": true, "beta_initializer": {"class_name": "Zeros", "config": {}}, "gamma_initializer": {"class_name": "Ones", "config": {}}, "moving_mean_initializer": {"class_name": "Zeros", "config": {}}, "moving_variance_initializer": {"class_name": "Ones", "config": {}}, "beta_regularizer": null, "gamma_regularizer": null, "beta_constraint": null, "gamma_constraint": null}, "name": "batch_normalization_14", "inbound_nodes": [[["conv2d_10", 0, 0, {}]]]}, {"class_name": "LeakyReLU", "config": {"name": "leaky_re_lu_9", "trainable": true, "dtype": "float32", "alpha": 0.20000000298023224}, "name": "leaky_re_lu_9", "inbound_nodes": [[["batch_normalization_14", 0, 0, {}]]]}, {"class_name": "Conv2D", "config": {"name": "conv2d_11", "trainable": true, "dtype": "float32", "filters": 256, "kernel_size": [4, 4], "strides": [2, 2], "padding": "same", "data_format": "channels_last", "dilation_rate": [1, 1], "groups": 1, "activation": "linear", "use_bias": true, "kernel_initializer": {"class_name": "RandomNormal", "config": {"mean": 0.0, "stddev": 0.02, "seed": null}}, "bias_initializer": {"class_name": "Zeros", "config": {}}, "kernel_regularizer": null, "bias_regularizer": null, "activity_regularizer": null, "kernel_constraint": null, "bias_constraint": null}, "name": "conv2d_11", "inbound_nodes": [[["leaky_re_lu_9", 0, 0, {}]]]}, {"class_name": "BatchNormalization", "config": {"name": "batch_normalization_15", "trainable": true, "dtype": "float32", "axis": [3], "momentum": 0.99, "epsilon": 0.001, "center": true, "scale": true, "beta_initializer": {"class_name": "Zeros", "config": {}}, "gamma_initializer": {"class_name": "Ones", "config": {}}, "moving_mean_initializer": {"class_name": "Zeros", "config": {}}, "moving_variance_initializer": {"class_name": "Ones", "config": {}}, "beta_regularizer": null, "gamma_regularizer": null, "beta_constraint": null, "gamma_constraint": null}, "name": "batch_normalization_15", "inbound_nodes": [[["conv2d_11", 0, 0, {}]]]}, {"class_name": "LeakyReLU", "config": {"name": "leaky_re_lu_10", "trainable": true, "dtype": "float32", "alpha": 0.20000000298023224}, "name": "leaky_re_lu_10", "inbound_nodes": [[["batch_normalization_15", 0, 0, {}]]]}, {"class_name": "Conv2D", "config": {"name": "conv2d_12", "trainable": true, "dtype": "float32", "filters": 256, "kernel_size": [4, 4], "strides": [2, 2], "padding": "same", "data_format": "channels_last", "dilation_rate": [1, 1], "groups": 1, "activation": "linear", "use_bias": true, "kernel_initializer": {"class_name": "RandomNormal", "config": {"mean": 0.0, "stddev": 0.02, "seed": null}}, "bias_initializer": {"class_name": "Zeros", "config": {}}, "kernel_regularizer": null, "bias_regularizer": null, "activity_regularizer": null, "kernel_constraint": null, "bias_constraint": null}, "name": "conv2d_12", "inbound_nodes": [[["leaky_re_lu_10", 0, 0, {}]]]}, {"class_name": "BatchNormalization", "config": {"name": "batch_normalization_16", "trainable": true, "dtype": "float32", "axis": [3], "momentum": 0.99, "epsilon": 0.001, "center": true, "scale": true, "beta_initializer": {"class_name": "Zeros", "config": {}}, "gamma_initializer": {"class_name": "Ones", "config": {}}, "moving_mean_initializer": {"class_name": "Zeros", "config": {}}, "moving_variance_initializer": {"class_name": "Ones", "config": {}}, "beta_regularizer": null, "gamma_regularizer": null, "beta_constraint": null, "gamma_constraint": null}, "name": "batch_normalization_16", "inbound_nodes": [[["conv2d_12", 0, 0, {}]]]}, {"class_name": "LeakyReLU", "config": {"name": "leaky_re_lu_11", "trainable": true, "dtype": "float32", "alpha": 0.20000000298023224}, "name": "leaky_re_lu_11", "inbound_nodes": [[["batch_normalization_16", 0, 0, {}]]]}, {"class_name": "Conv2D", "config": {"name": "conv2d_13", "trainable": true, "dtype": "float32", "filters": 256, "kernel_size": [4, 4], "strides": [2, 2], "padding": "same", "data_format": "channels_last", "dilation_rate": [1, 1], "groups": 1, "activation": "linear", "use_bias": true, "kernel_initializer": {"class_name": "RandomNormal", "config": {"mean": 0.0, "stddev": 0.02, "seed": null}}, "bias_initializer": {"class_name": "Zeros", "config": {}}, "kernel_regularizer": null, "bias_regularizer": null, "activity_regularizer": null, "kernel_constraint": null, "bias_constraint": null}, "name": "conv2d_13", "inbound_nodes": [[["leaky_re_lu_11", 0, 0, {}]]]}, {"class_name": "BatchNormalization", "config": {"name": "batch_normalization_17", "trainable": true, "dtype": "float32", "axis": [3], "momentum": 0.99, "epsilon": 0.001, "center": true, "scale": true, "beta_initializer": {"class_name": "Zeros", "config": {}}, "gamma_initializer": {"class_name": "Ones", "config": {}}, "moving_mean_initializer": {"class_name": "Zeros", "config": {}}, "moving_variance_initializer": {"class_name": "Ones", "config": {}}, "beta_regularizer": null, "gamma_regularizer": null, "beta_constraint": null, "gamma_constraint": null}, "name": "batch_normalization_17", "inbound_nodes": [[["conv2d_13", 0, 0, {}]]]}, {"class_name": "LeakyReLU", "config": {"name": "leaky_re_lu_12", "trainable": true, "dtype": "float32", "alpha": 0.20000000298023224}, "name": "leaky_re_lu_12", "inbound_nodes": [[["batch_normalization_17", 0, 0, {}]]]}, {"class_name": "Conv2D", "config": {"name": "conv2d_14", "trainable": true, "dtype": "float32", "filters": 256, "kernel_size": [4, 4], "strides": [2, 2], "padding": "same", "data_format": "channels_last", "dilation_rate": [1, 1], "groups": 1, "activation": "linear", "use_bias": true, "kernel_initializer": {"class_name": "RandomNormal", "config": {"mean": 0.0, "stddev": 0.02, "seed": null}}, "bias_initializer": {"class_name": "Zeros", "config": {}}, "kernel_regularizer": null, "bias_regularizer": null, "activity_regularizer": null, "kernel_constraint": null, "bias_constraint": null}, "name": "conv2d_14", "inbound_nodes": [[["leaky_re_lu_12", 0, 0, {}]]]}, {"class_name": "BatchNormalization", "config": {"name": "batch_normalization_18", "trainable": true, "dtype": "float32", "axis": [3], "momentum": 0.99, "epsilon": 0.001, "center": true, "scale": true, "beta_initializer": {"class_name": "Zeros", "config": {}}, "gamma_initializer": {"class_name": "Ones", "config": {}}, "moving_mean_initializer": {"class_name": "Zeros", "config": {}}, "moving_variance_initializer": {"class_name": "Ones", "config": {}}, "beta_regularizer": null, "gamma_regularizer": null, "beta_constraint": null, "gamma_constraint": null}, "name": "batch_normalization_18", "inbound_nodes": [[["conv2d_14", 0, 0, {}]]]}, {"class_name": "LeakyReLU", "config": {"name": "leaky_re_lu_13", "trainable": true, "dtype": "float32", "alpha": 0.20000000298023224}, "name": "leaky_re_lu_13", "inbound_nodes": [[["batch_normalization_18", 0, 0, {}]]]}, {"class_name": "Conv2D", "config": {"name": "conv2d_15", "trainable": true, "dtype": "float32", "filters": 512, "kernel_size": [4, 4], "strides": [2, 2], "padding": "same", "data_format": "channels_last", "dilation_rate": [1, 1], "groups": 1, "activation": "linear", "use_bias": true, "kernel_initializer": {"class_name": "HeNormal", "config": {"seed": null}}, "bias_initializer": {"class_name": "Zeros", "config": {}}, "kernel_regularizer": null, "bias_regularizer": null, "activity_regularizer": null, "kernel_constraint": null, "bias_constraint": null}, "name": "conv2d_15", "inbound_nodes": [[["leaky_re_lu_13", 0, 0, {}]]]}, {"class_name": "Activation", "config": {"name": "activation_8", "trainable": true, "dtype": "float32", "activation": "relu"}, "name": "activation_8", "inbound_nodes": [[["conv2d_15", 0, 0, {}]]]}, {"class_name": "Conv2DTranspose", "config": {"name": "conv2d_transpose_8", "trainable": true, "dtype": "float32", "filters": 256, "kernel_size": [4, 4], "strides": [2, 2], "padding": "same", "data_format": "channels_last", "dilation_rate": [1, 1], "groups": 1, "activation": "linear", "use_bias": false, "kernel_initializer": {"class_name": "RandomNormal", "config": {"mean": 0.0, "stddev": 0.02, "seed": null}}, "bias_initializer": {"class_name": "Zeros", "config": {}}, "kernel_regularizer": null, "bias_regularizer": null, "activity_regularizer": null, "kernel_constraint": null, "bias_constraint": null, "output_padding": null}, "name": "conv2d_transpose_8", "inbound_nodes": [[["activation_8", 0, 0, {}]]]}, {"class_name": "BatchNormalization", "config": {"name": "batch_normalization_19", "trainable": true, "dtype": "float32", "axis": [3], "momentum": 0.99, "epsilon": 0.001, "center": true, "scale": true, "beta_initializer": {"class_name": "Zeros", "config": {}}, "gamma_initializer": {"class_name": "Ones", "config": {}}, "moving_mean_initializer": {"class_name": "Zeros", "config": {}}, "moving_variance_initializer": {"class_name": "Ones", "config": {}}, "beta_regularizer": null, "gamma_regularizer": null, "beta_constraint": null, "gamma_constraint": null}, "name": "batch_normalization_19", "inbound_nodes": [[["conv2d_transpose_8", 0, 0, {}]]]}, {"class_name": "Dropout", "config": {"name": "dropout_4", "trainable": true, "dtype": "float32", "rate": 0, "noise_shape": null, "seed": null}, "name": "dropout_4", "inbound_nodes": [[["batch_normalization_19", 0, 0, {}]]]}, {"class_name": "Concatenate", "config": {"name": "concatenate_7", "trainable": true, "dtype": "float32", "axis": -1}, "name": "concatenate_7", "inbound_nodes": [[["dropout_4", 0, 0, {}], ["leaky_re_lu_13", 0, 0, {}]]]}, {"class_name": "Activation", "config": {"name": "activation_9", "trainable": true, "dtype": "float32", "activation": "relu"}, "name": "activation_9", "inbound_nodes": [[["concatenate_7", 0, 0, {}]]]}, {"class_name": "Conv2DTranspose", "config": {"name": "conv2d_transpose_9", "trainable": true, "dtype": "float32", "filters": 256, "kernel_size": [4, 4], "strides": [2, 2], "padding": "same", "data_format": "channels_last", "dilation_rate": [1, 1], "groups": 1, "activation": "linear", "use_bias": false, "kernel_initializer": {"class_name": "RandomNormal", "config": {"mean": 0.0, "stddev": 0.02, "seed": null}}, "bias_initializer": {"class_name": "Zeros", "config": {}}, "kernel_regularizer": null, "bias_regularizer": null, "activity_regularizer": null, "kernel_constraint": null, "bias_constraint": null, "output_padding": null}, "name": "conv2d_transpose_9", "inbound_nodes": [[["activation_9", 0, 0, {}]]]}, {"class_name": "BatchNormalization", "config": {"name": "batch_normalization_20", "trainable": true, "dtype": "float32", "axis": [3], "momentum": 0.99, "epsilon": 0.001, "center": true, "scale": true, "beta_initializer": {"class_name": "Zeros", "config": {}}, "gamma_initializer": {"class_name": "Ones", "config": {}}, "moving_mean_initializer": {"class_name": "Zeros", "config": {}}, "moving_variance_initializer": {"class_name": "Ones", "config": {}}, "beta_regularizer": null, "gamma_regularizer": null, "beta_constraint": null, "gamma_constraint": null}, "name": "batch_normalization_20", "inbound_nodes": [[["conv2d_transpose_9", 0, 0, {}]]]}, {"class_name": "Dropout", "config": {"name": "dropout_5", "trainable": true, "dtype": "float32", "rate": 0, "noise_shape": null, "seed": null}, "name": "dropout_5", "inbound_nodes": [[["batch_normalization_20", 0, 0, {}]]]}, {"class_name": "Concatenate", "config": {"name": "concatenate_8", "trainable": true, "dtype": "float32", "axis": -1}, "name": "concatenate_8", "inbound_nodes": [[["dropout_5", 0, 0, {}], ["leaky_re_lu_12", 0, 0, {}]]]}, {"class_name": "Activation", "config": {"name": "activation_10", "trainable": true, "dtype": "float32", "activation": "relu"}, "name": "activation_10", "inbound_nodes": [[["concatenate_8", 0, 0, {}]]]}, {"class_name": "Conv2DTranspose", "config": {"name": "conv2d_transpose_10", "trainable": true, "dtype": "float32", "filters": 256, "kernel_size": [4, 4], "strides": [2, 2], "padding": "same", "data_format": "channels_last", "dilation_rate": [1, 1], "groups": 1, "activation": "linear", "use_bias": false, "kernel_initializer": {"class_name": "RandomNormal", "config": {"mean": 0.0, "stddev": 0.02, "seed": null}}, "bias_initializer": {"class_name": "Zeros", "config": {}}, "kernel_regularizer": null, "bias_regularizer": null, "activity_regularizer": null, "kernel_constraint": null, "bias_constraint": null, "output_padding": null}, "name": "conv2d_transpose_10", "inbound_nodes": [[["activation_10", 0, 0, {}]]]}, {"class_name": "BatchNormalization", "config": {"name": "batch_normalization_21", "trainable": true, "dtype": "float32", "axis": [3], "momentum": 0.99, "epsilon": 0.001, "center": true, "scale": true, "beta_initializer": {"class_name": "Zeros", "config": {}}, "gamma_initializer": {"class_name": "Ones", "config": {}}, "moving_mean_initializer": {"class_name": "Zeros", "config": {}}, "moving_variance_initializer": {"class_name": "Ones", "config": {}}, "beta_regularizer": null, "gamma_regularizer": null, "beta_constraint": null, "gamma_constraint": null}, "name": "batch_normalization_21", "inbound_nodes": [[["conv2d_transpose_10", 0, 0, {}]]]}, {"class_name": "Dropout", "config": {"name": "dropout_6", "trainable": true, "dtype": "float32", "rate": 0, "noise_shape": null, "seed": null}, "name": "dropout_6", "inbound_nodes": [[["batch_normalization_21", 0, 0, {}]]]}, {"class_name": "Concatenate", "config": {"name": "concatenate_9", "trainable": true, "dtype": "float32", "axis": -1}, "name": "concatenate_9", "inbound_nodes": [[["dropout_6", 0, 0, {}], ["leaky_re_lu_11", 0, 0, {}]]]}, {"class_name": "Activation", "config": {"name": "activation_11", "trainable": true, "dtype": "float32", "activation": "relu"}, "name": "activation_11", "inbound_nodes": [[["concatenate_9", 0, 0, {}]]]}, {"class_name": "Conv2DTranspose", "config": {"name": "conv2d_transpose_11", "trainable": true, "dtype": "float32", "filters": 256, "kernel_size": [4, 4], "strides": [2, 2], "padding": "same", "data_format": "channels_last", "dilation_rate": [1, 1], "groups": 1, "activation": "linear", "use_bias": false, "kernel_initializer": {"class_name": "RandomNormal", "config": {"mean": 0.0, "stddev": 0.02, "seed": null}}, "bias_initializer": {"class_name": "Zeros", "config": {}}, "kernel_regularizer": null, "bias_regularizer": null, "activity_regularizer": null, "kernel_constraint": null, "bias_constraint": null, "output_padding": null}, "name": "conv2d_transpose_11", "inbound_nodes": [[["activation_11", 0, 0, {}]]]}, {"class_name": "BatchNormalization", "config": {"name": "batch_normalization_22", "trainable": true, "dtype": "float32", "axis": [3], "momentum": 0.99, "epsilon": 0.001, "center": true, "scale": true, "beta_initializer": {"class_name": "Zeros", "config": {}}, "gamma_initializer": {"class_name": "Ones", "config": {}}, "moving_mean_initializer": {"class_name": "Zeros", "config": {}}, "moving_variance_initializer": {"class_name": "Ones", "config": {}}, "beta_regularizer": null, "gamma_regularizer": null, "beta_constraint": null, "gamma_constraint": null}, "name": "batch_normalization_22", "inbound_nodes": [[["conv2d_transpose_11", 0, 0, {}]]]}, {"class_name": "Dropout", "config": {"name": "dropout_7", "trainable": true, "dtype": "float32", "rate": 0, "noise_shape": null, "seed": null}, "name": "dropout_7", "inbound_nodes": [[["batch_normalization_22", 0, 0, {}]]]}, {"class_name": "Concatenate", "config": {"name": "concatenate_10", "trainable": true, "dtype": "float32", "axis": -1}, "name": "concatenate_10", "inbound_nodes": [[["dropout_7", 0, 0, {}], ["leaky_re_lu_10", 0, 0, {}]]]}, {"class_name": "Activation", "config": {"name": "activation_12", "trainable": true, "dtype": "float32", "activation": "relu"}, "name": "activation_12", "inbound_nodes": [[["concatenate_10", 0, 0, {}]]]}, {"class_name": "Conv2DTranspose", "config": {"name": "conv2d_transpose_12", "trainable": true, "dtype": "float32", "filters": 128, "kernel_size": [4, 4], "strides": [2, 2], "padding": "same", "data_format": "channels_last", "dilation_rate": [1, 1], "groups": 1, "activation": "linear", "use_bias": false, "kernel_initializer": {"class_name": "RandomNormal", "config": {"mean": 0.0, "stddev": 0.02, "seed": null}}, "bias_initializer": {"class_name": "Zeros", "config": {}}, "kernel_regularizer": null, "bias_regularizer": null, "activity_regularizer": null, "kernel_constraint": null, "bias_constraint": null, "output_padding": null}, "name": "conv2d_transpose_12", "inbound_nodes": [[["activation_12", 0, 0, {}]]]}, {"class_name": "BatchNormalization", "config": {"name": "batch_normalization_23", "trainable": true, "dtype": "float32", "axis": [3], "momentum": 0.99, "epsilon": 0.001, "center": true, "scale": true, "beta_initializer": {"class_name": "Zeros", "config": {}}, "gamma_initializer": {"class_name": "Ones", "config": {}}, "moving_mean_initializer": {"class_name": "Zeros", "config": {}}, "moving_variance_initializer": {"class_name": "Ones", "config": {}}, "beta_regularizer": null, "gamma_regularizer": null, "beta_constraint": null, "gamma_constraint": null}, "name": "batch_normalization_23", "inbound_nodes": [[["conv2d_transpose_12", 0, 0, {}]]]}, {"class_name": "Concatenate", "config": {"name": "concatenate_11", "trainable": true, "dtype": "float32", "axis": -1}, "name": "concatenate_11", "inbound_nodes": [[["batch_normalization_23", 0, 0, {}], ["leaky_re_lu_9", 0, 0, {}]]]}, {"class_name": "Activation", "config": {"name": "activation_13", "trainable": true, "dtype": "float32", "activation": "relu"}, "name": "activation_13", "inbound_nodes": [[["concatenate_11", 0, 0, {}]]]}, {"class_name": "Conv2DTranspose", "config": {"name": "conv2d_transpose_13", "trainable": true, "dtype": "float32", "filters": 64, "kernel_size": [4, 4], "strides": [2, 2], "padding": "same", "data_format": "channels_last", "dilation_rate": [1, 1], "groups": 1, "activation": "linear", "use_bias": false, "kernel_initializer": {"class_name": "RandomNormal", "config": {"mean": 0.0, "stddev": 0.02, "seed": null}}, "bias_initializer": {"class_name": "Zeros", "config": {}}, "kernel_regularizer": null, "bias_regularizer": null, "activity_regularizer": null, "kernel_constraint": null, "bias_constraint": null, "output_padding": null}, "name": "conv2d_transpose_13", "inbound_nodes": [[["activation_13", 0, 0, {}]]]}, {"class_name": "BatchNormalization", "config": {"name": "batch_normalization_24", "trainable": true, "dtype": "float32", "axis": [3], "momentum": 0.99, "epsilon": 0.001, "center": true, "scale": true, "beta_initializer": {"class_name": "Zeros", "config": {}}, "gamma_initializer": {"class_name": "Ones", "config": {}}, "moving_mean_initializer": {"class_name": "Zeros", "config": {}}, "moving_variance_initializer": {"class_name": "Ones", "config": {}}, "beta_regularizer": null, "gamma_regularizer": null, "beta_constraint": null, "gamma_constraint": null}, "name": "batch_normalization_24", "inbound_nodes": [[["conv2d_transpose_13", 0, 0, {}]]]}, {"class_name": "Concatenate", "config": {"name": "concatenate_12", "trainable": true, "dtype": "float32", "axis": -1}, "name": "concatenate_12", "inbound_nodes": [[["batch_normalization_24", 0, 0, {}], ["leaky_re_lu_8", 0, 0, {}]]]}, {"class_name": "Activation", "config": {"name": "activation_14", "trainable": true, "dtype": "float32", "activation": "relu"}, "name": "activation_14", "inbound_nodes": [[["concatenate_12", 0, 0, {}]]]}, {"class_name": "Conv2DTranspose", "config": {"name": "conv2d_transpose_14", "trainable": true, "dtype": "float32", "filters": 32, "kernel_size": [4, 4], "strides": [2, 2], "padding": "same", "data_format": "channels_last", "dilation_rate": [1, 1], "groups": 1, "activation": "linear", "use_bias": false, "kernel_initializer": {"class_name": "RandomNormal", "config": {"mean": 0.0, "stddev": 0.02, "seed": null}}, "bias_initializer": {"class_name": "Zeros", "config": {}}, "kernel_regularizer": null, "bias_regularizer": null, "activity_regularizer": null, "kernel_constraint": null, "bias_constraint": null, "output_padding": null}, "name": "conv2d_transpose_14", "inbound_nodes": [[["activation_14", 0, 0, {}]]]}, {"class_name": "BatchNormalization", "config": {"name": "batch_normalization_25", "trainable": true, "dtype": "float32", "axis": [3], "momentum": 0.99, "epsilon": 0.001, "center": true, "scale": true, "beta_initializer": {"class_name": "Zeros", "config": {}}, "gamma_initializer": {"class_name": "Ones", "config": {}}, "moving_mean_initializer": {"class_name": "Zeros", "config": {}}, "moving_variance_initializer": {"class_name": "Ones", "config": {}}, "beta_regularizer": null, "gamma_regularizer": null, "beta_constraint": null, "gamma_constraint": null}, "name": "batch_normalization_25", "inbound_nodes": [[["conv2d_transpose_14", 0, 0, {}]]]}, {"class_name": "Concatenate", "config": {"name": "concatenate_13", "trainable": true, "dtype": "float32", "axis": -1}, "name": "concatenate_13", "inbound_nodes": [[["batch_normalization_25", 0, 0, {}], ["leaky_re_lu_7", 0, 0, {}]]]}, {"class_name": "Activation", "config": {"name": "activation_15", "trainable": true, "dtype": "float32", "activation": "relu"}, "name": "activation_15", "inbound_nodes": [[["concatenate_13", 0, 0, {}]]]}, {"class_name": "Conv2DTranspose", "config": {"name": "conv2d_transpose_15", "trainable": true, "dtype": "float32", "filters": 3, "kernel_size": [4, 4], "strides": [2, 2], "padding": "same", "data_format": "channels_last", "dilation_rate": [1, 1], "groups": 1, "activation": "tanh", "use_bias": true, "kernel_initializer": {"class_name": "RandomNormal", "config": {"mean": 0.0, "stddev": 0.02, "seed": null}}, "bias_initializer": {"class_name": "Zeros", "config": {}}, "kernel_regularizer": null, "bias_regularizer": null, "activity_regularizer": null, "kernel_constraint": null, "bias_constraint": null, "output_padding": null}, "name": "conv2d_transpose_15", "inbound_nodes": [[["activation_15", 0, 0, {}]]]}], "input_layers": [["input_2", 0, 0]], "output_layers": [["conv2d_transpose_15", 0, 0]]}}}, "weightsManifest": [{"paths": ["group1-shard1of15.bin", "group1-shard2of15.bin", "group1-shard3of15.bin", "group1-shard4of15.bin", "group1-shard5of15.bin", "group1-shard6of15.bin", "group1-shard7of15.bin", "group1-shard8of15.bin", "group1-shard9of15.bin", "group1-shard10of15.bin", "group1-shard11of15.bin", "group1-shard12of15.bin", "group1-shard13of15.bin", "group1-shard14of15.bin", "group1-shard15of15.bin"], "weights": [{"name": "batch_normalization_13/gamma", "shape": [64], "dtype": "float32"}, {"name": "batch_normalization_13/beta", "shape": [64], "dtype": "float32"}, {"name": "batch_normalization_13/moving_mean", "shape": [64], "dtype": "float32"}, {"name": "batch_normalization_13/moving_variance", "shape": [64], "dtype": "float32"}, {"name": "batch_normalization_14/gamma", "shape": [128], "dtype": "float32"}, {"name": "batch_normalization_14/beta", "shape": [128], "dtype": "float32"}, {"name": "batch_normalization_14/moving_mean", "shape": [128], "dtype": "float32"}, {"name": "batch_normalization_14/moving_variance", "shape": [128], "dtype": "float32"}, {"name": "batch_normalization_15/gamma", "shape": [256], "dtype": "float32"}, {"name": "batch_normalization_15/beta", "shape": [256], "dtype": "float32"}, {"name": "batch_normalization_15/moving_mean", "shape": [256], "dtype": "float32"}, {"name": "batch_normalization_15/moving_variance", "shape": [256], "dtype": "float32"}, {"name": "batch_normalization_16/gamma", "shape": [256], "dtype": "float32"}, {"name": "batch_normalization_16/beta", "shape": [256], "dtype": "float32"}, {"name": "batch_normalization_16/moving_mean", "shape": [256], "dtype": "float32"}, {"name": "batch_normalization_16/moving_variance", "shape": [256], "dtype": "float32"}, {"name": "batch_normalization_17/gamma", "shape": [256], "dtype": "float32"}, {"name": "batch_normalization_17/beta", "shape": [256], "dtype": "float32"}, {"name": "batch_normalization_17/moving_mean", "shape": [256], "dtype": "float32"}, {"name": "batch_normalization_17/moving_variance", "shape": [256], "dtype": "float32"}, {"name": "batch_normalization_18/gamma", "shape": [256], "dtype": "float32"}, {"name": "batch_normalization_18/beta", "shape": [256], "dtype": "float32"}, {"name": "batch_normalization_18/moving_mean", "shape": [256], "dtype": "float32"}, {"name": "batch_normalization_18/moving_variance", "shape": [256], "dtype": "float32"}, {"name": "batch_normalization_19/gamma", "shape": [256], "dtype": "float32"}, {"name": "batch_normalization_19/beta", "shape": [256], "dtype": "float32"}, {"name": "batch_normalization_19/moving_mean", "shape": [256], "dtype": "float32"}, {"name": "batch_normalization_19/moving_variance", "shape": [256], "dtype": "float32"}, {"name": "batch_normalization_20/gamma", "shape": [256], "dtype": "float32"}, {"name": "batch_normalization_20/beta", "shape": [256], "dtype": "float32"}, {"name": "batch_normalization_20/moving_mean", "shape": [256], "dtype": "float32"}, {"name": "batch_normalization_20/moving_variance", "shape": [256], "dtype": "float32"}, {"name": "batch_normalization_21/gamma", "shape": [256], "dtype": "float32"}, {"name": "batch_normalization_21/beta", "shape": [256], "dtype": "float32"}, {"name": "batch_normalization_21/moving_mean", "shape": [256], "dtype": "float32"}, {"name": "batch_normalization_21/moving_variance", "shape": [256], "dtype": "float32"}, {"name": "batch_normalization_22/gamma", "shape": [256], "dtype": "float32"}, {"name": "batch_normalization_22/beta", "shape": [256], "dtype": "float32"}, {"name": "batch_normalization_22/moving_mean", "shape": [256], "dtype": "float32"}, {"name": "batch_normalization_22/moving_variance", "shape": [256], "dtype": "float32"}, {"name": "batch_normalization_23/gamma", "shape": [128], "dtype": "float32"}, {"name": "batch_normalization_23/beta", "shape": [128], "dtype": "float32"}, {"name": "batch_normalization_23/moving_mean", "shape": [128], "dtype": "float32"}, {"name": "batch_normalization_23/moving_variance", "shape": [128], "dtype": "float32"}, {"name": "batch_normalization_24/gamma", "shape": [64], "dtype": "float32"}, {"name": "batch_normalization_24/beta", "shape": [64], "dtype": "float32"}, {"name": "batch_normalization_24/moving_mean", "shape": [64], "dtype": "float32"}, {"name": "batch_normalization_24/moving_variance", "shape": [64], "dtype": "float32"}, {"name": "batch_normalization_25/gamma", "shape": [32], "dtype": "float32"}, {"name": "batch_normalization_25/beta", "shape": [32], "dtype": "float32"}, {"name": "batch_normalization_25/moving_mean", "shape": [32], "dtype": "float32"}, {"name": "batch_normalization_25/moving_variance", "shape": [32], "dtype": "float32"}, {"name": "conv2d_10/kernel", "shape": [4, 4, 64, 128], "dtype": "float32"}, {"name": "conv2d_10/bias", "shape": [128], "dtype": "float32"}, {"name": "conv2d_11/kernel", "shape": [4, 4, 128, 256], "dtype": "float32"}, {"name": "conv2d_11/bias", "shape": [256], "dtype": "float32"}, {"name": "conv2d_12/kernel", "shape": [4, 4, 256, 256], "dtype": "float32"}, {"name": "conv2d_12/bias", "shape": [256], "dtype": "float32"}, {"name": "conv2d_13/kernel", "shape": [4, 4, 256, 256], "dtype": "float32"}, {"name": "conv2d_13/bias", "shape": [256], "dtype": "float32"}, {"name": "conv2d_14/kernel", "shape": [4, 4, 256, 256], "dtype": "float32"}, {"name": "conv2d_14/bias", "shape": [256], "dtype": "float32"}, {"name": "conv2d_15/kernel", "shape": [4, 4, 256, 512], "dtype": "float32"}, {"name": "conv2d_15/bias", "shape": [512], "dtype": "float32"}, {"name": "conv2d_8/kernel", "shape": [4, 4, 3, 32], "dtype": "float32"}, {"name": "conv2d_8/bias", "shape": [32], "dtype": "float32"}, {"name": "conv2d_9/kernel", "shape": [4, 4, 32, 64], "dtype": "float32"}, {"name": "conv2d_9/bias", "shape": [64], "dtype": "float32"}, {"name": "conv2d_transpose_10/kernel", "shape": [4, 4, 256, 512], "dtype": "float32"}, {"name": "conv2d_transpose_11/kernel", "shape": [4, 4, 256, 512], "dtype": "float32"}, {"name": "conv2d_transpose_12/kernel", "shape": [4, 4, 128, 512], "dtype": "float32"}, {"name": "conv2d_transpose_13/kernel", "shape": [4, 4, 64, 256], "dtype": "float32"}, {"name": "conv2d_transpose_14/kernel", "shape": [4, 4, 32, 128], "dtype": "float32"}, {"name": "conv2d_transpose_15/kernel", "shape": [4, 4, 3, 64], "dtype": "float32"}, {"name": "conv2d_transpose_15/bias", "shape": [3], "dtype": "float32"}, {"name": "conv2d_transpose_8/kernel", "shape": [4, 4, 256, 512], "dtype": "float32"}, {"name": "conv2d_transpose_9/kernel", "shape": [4, 4, 256, 512], "dtype": "float32"}]}]}